{
  "iso": "en",
  "open":{
    "title": "Open Hours",
    "days": ["m", "tu", "w", "th", "f", "sa", "su"]
  },
  "navigation": {
    "home": "Home",
    "menu": "Menu",
    "about": "About Us",
    "gallery": "Gallery",
    "group": "Group",
    "contact": "Contact",
    "parking": "Parking",
    "tenders": "Tenders"
  },
  "wifi": {
    "title": "Successfully connected"
  },
  "home": {
    "title": "Rab Ráby Restaurant, Szentendre",
    "description": "We warmly welcome you to our restaurant in the heart of Szentendre. Delicious food, antiques, breathtaking interior, and favorable prices since 1982.",
    "buttons_active": ["card", "dog", "garden", "wifi"],
    "buttons": {
      "card": "Credit Card Accepted",
      "garden": "Garden",
      "dog": "Dog-friendly",
      "wifi": "Wifi",
      "fire": "Heated with a fireplace"
    }
  },
  "reservation": {
    "title": "Reservation",
    "online": "online reservation"
  },
  "contact": {
    "title": "Contact",
    "map": "1/A Kucsera Ferenc Street, Szentendre 2000, Hungary",
    "card": "Digital Business Card"
  },
  "company": {
    "title": "Company Information",
    "vat": "VAT Number",
    "reg": "Company Registration Number",
    "bank": "Bank",
    "bank_acc": "Bank Account Number"
  },
  "groups": {
    "title": "Menu for Groups",
    "guide": "Guide",
    "reservation": "Reservation (send an email)",
    "faq": [
      { "q": "From how many people is it considered a group?", "a": "A minimum of 15 people." },
      { "q": "How many different menus can I order?", "a": "We can prepare menus for more than 15 people." },
      { "q": "What is the capacity of the restaurant?", "a": "A maximum of 90-100 people indoors and 25-30 people in the garden." },
      { "q": "What payment methods are accepted?", "a": "Cash, card and bank transfer." },
      { "q": "How can I make a reservation?", "a": "The simplest way is to write us an email detailing the specifics" },
      { "q": "Why are the prices listed in euros?", "a": "Due to hyperinflation in recent years, prices are listed in euros to maintain consistency throughout the year." },
      { "q": "Is there a bus parking nearby?", "a": "Yes, there is a large parking lot next to the main road 11, about a 7-minute walk from us." },
      { "q": "How far in advance should I book?", "a": "It's advisable to book several weeks in advance to ensure availability." },
      { "q": "What should I do if there is a guest with a food allergy?", "a": "It's important to inform us so that guests with food allergies can receive alternative dishes instead of the group menus." }
    ]    
  },
  "reviews": {
    "title": "Reviews",
    "people": [
      {"name": "Katalin Novák", "title": "President of Hungary (2022-2024)", "text": "Thank you for allowing us to rest here for a short time on a tiring workday and taste genuine homemade flavors."},
      {"name": "Levente Balogh", "title": "Water King, Businessman, Investor","text": "Thank you for the cozy hospitality!"},
      {"name": "András Moldován", "title": "Pork Mogul, Investor, Shark", "text": "We had a great dinner here with pleasure!"},
      {"name": "Mária Varga", "text": "Entering feels like stepping into an archival museum yet a very homely feeling arises. The staff is quick, attentive, and the food is excellent. We had a great time and recommend it to everyone!"},
      {"name": "Gábor Molnár", "text": "Rab Ráby Restaurant is a true gem! The menu offers a wide selection, and the dishes are always fresh and of excellent quality. I always find something delicious on the menu, and the desserts are divine too!"},
      {"name": "Éva Kovács", "text": "It was once again an experience. The food is great, the service is good, and the atmosphere of the restaurant is magical. It's a bit nostalgic for me to come here because it was where my husband and I had our first date."}
    ]
  },
  "faq": {
    "title": "Frequently Asked Questions",
    "questions":
      [
        {"question": "Can I pay with card?",
            "answer": "Yes, you can pay with a credit card. (We cannot accept American Express cards)"},
        {"question": "Where can I park?",
            "answer": "Parking in Szentendre changed in 2022: the old town can only be accessed with a permit. The nearest parking lot to us is about 1 minute walk away, on Bajcsy-Zsilinszky Endre Street. (Zone code: 2012)"},
        {"question": "Where can I find the restaurant?",
            "answer": "The restaurant is located in the downtown area of Szentendre, between the Town Hall and the Péter Pál Church. It is reachable within 1 minute walk from the city center."},
        {"question": "Do you have a garden terrace, patio?",
            "answer": "Yes, the restaurant has a cozy, wind-protected inner courtyard, which is cool and shady in summer."},
        {"question": "Can I bring my dog?",
            "answer": "Yes, we have been a dog-friendly place since our opening."},
        {"question": "Is there WiFi?",
            "answer": "Yes, without password. WiFi name: RAB_RÁBY_WIFI"},
        {"question": "Do you also host events?",
            "answer": "Yes, we host weddings, baptisms, birthdays, name days, class reunions, book presentations, wine tastings, funeral receptions, etc."}
      ]
  },
  "menu": {
    "drink": {
      "title": "Drinks"
    },
    "wine": {
      "title": "Wines"
    },
    "food": {
      "title": "Menu",
      "stars": "Featured dishes",
      "show": "Show menu",
      "price": "Prices are for informational purposes only! Errors may occur, and the prices listed on our printed menu are official!"
    },
    "category": {
      "starters": "Starters",
      "soups": "Soups",
      "pastas": "Pastas",
      "fish": "Fish",
      "readymeals": "Ready Meals",
      "grilled": "Grilled Dishes",
      "desserts": "Desserts"
    },
    "allergy": {
      "title": "Allergens",
      "one": "Allergy",
      "text": "Selecting allergens",

      "gluten": "Gluten",
      "crustaceans": "Crustaceans",
      "eggs": "Eggs",
      "fish": "Fish",
      "peanuts": "Peanuts",
      "soy": "Soy",
      "milk": "Milk",
      "nuts": "Nuts",
      "celery": "Celery",
      "mustard": "Mustard",
      "sesame": "Sesame",
      "sulfur": "Sulfur",
      "lupin": "Lupin",
      "mollusks": "Mollusks"
    }
  },
  "parking": {
    "text": "In Szentendre, you can only enter the downtown area by car with a special permit. You can park a 1-minute walk from the restaurant on Bajcsy-Zsilinszky Street. The parking zone code is 2012. On the map, the parking meters are marked in blue. In Szentendre, you have to pay for parking on weekends as well!"
  },
  "about": {
    "text": "The restaurant was founded by János Németh and his family in 1982, during the time of the Iron Curtain. It was named after the hero of Mór Jókai's novel, Rab Ráby, who lived in Szentendre and played a key role in fighting corruption during the reign of Joseph II. The building, which was converted into the restaurant, functioned as a blacksmith's workshop over 100 years ago. In addition to an ethnographic exhibition, the restaurant also features rare curiosities."
  }  
}