{
    "iso": "hu",
    "open":{
      "title": "Nyitvatartás",
      "days": ["h", "k", "sze", "cs", "p", "szo", "v"]
    },
    "navigation": {
      "home": "Főoldal",
      "menu": "Étlap",
      "about": "Rólunk",
      "gallery": "Galéria",
      "group": "Csoport",
      "contact": "Kapcsolat",
      "parking": "Parkolás",
      "tenders": "Pályázatok"
    },
    "wifi": {
      "title": "Sikeresen csatlakozva",
      "share": "Oszd meg a wifit a melletted ülőkkel is"
    },
    "home": {
      "title": "Rab Ráby Étterem, Szentendre",
      "description": "Szeretettel várunk szentendrei éttermünkben, a belvárosban. Finom ételek, régiségek, lélegzetelállító beltér és kedvező árak, 1982 óta.",
      "buttons_active": ["card", "garden", "dog", "wifi"],
      "buttons": {
        "card": "Szépkártya",
        "garden": "Kerthelyiség",
        "dog": "Kutyabarát",
        "wifi": "Wifi",
        "fire": "Kandalóval fűtött"
      }
    },
    "reservation": {
      "title": "Asztalfoglalás",
      "online": "online foglalás"
    },
    "contact": {
      "title": "Kapcsolat",
      "map": "2000 Szentendre, Kucsera Ferenc u. 1/A",
      "card": "Digitális Névjegykártya"
    },
    "company": {
      "title": "Cég információk",
      "vat": "Adószám",
      "reg": "Cégjegyzékszám",
      "bank": "Bank",
      "bank_acc": "Bankszámlaszám"
    },
    "groups": {
      "title": "Csoport Menü",
      "guide": "Segédlet",
      "reservation": "Foglalás (email küldése)",
      "faq": [
        { "q": "Hány főtől számít csoportnak?", "a": "Minimum 15 főtől." },
        { "q": "Hány különböző menüt kérhetek?", "a": "15 fő fölött tudjuk elkészíteni a menüket." },
        { "q": "Mekkora az étterem kapacitása?", "a": "Maximum 90-100 fő beltérben és 25-30 fő a kertben." },
        { "q": "Mivel fizethetek?", "a": "Készpénzzel, kártyával, átutalással és SZÉP kártyával." },
        { "q": "Hogyan foglalhatok?", "a": "Telefonon a leggyorsabb, majd e-mailben is megerősítve, írásban." },
        { "q": "Miért euróban van feltüntetve az ár?", "a": "Az elmúlt évek hiperinflációja miatt euróban szerepelnek az árak, amelyeket így egész évben tartani tudunk." },
        { "q": "Van buszparkoló a közelben?", "a": "Igen, a 11-es főút melletti nagy parkoló, tőlünk kb. 7 perc sétára." },
        { "q": "Mennyivel előtte érdemes foglalni?", "a": "Érdemes több héttel előtte lefoglalni, hogy biztosan legyen szabad hely." },
        { "q": "Mi a teendő, ha van ételallergiás vendég is?", "a": "Fontos, hogy tudjunk róla, mert így az ételallergiások mást kaphatnak a csoportmenük helyett." }
      ]      
    },
    "reviews": {
      "title": "Vélemények",
      "people": [
        {"name": "Novák Katalin", "title": "Magyarország Köztársasági Elnöke (2022-2024)", "text": "Köszönöm szépen, hogy egy fárasztó munkanapon, rövid időre megpihenhettünk itt, és igazi házias ízeket kóstoltunk."},
        {"name": "Balogh Levente", "title": "A vízkirály, Üzletember, Befektető","text": "Köszönjük a hangulatos vendéglátást!"},
        {"name": "Moldován András", "title": "Sertésmogul, Befektető, Cápa", "text": "Nagy örömmel vacsoráztunk itt!"},
        {"name": "Varga Mária", "text": "Belépve mint egy archív múzeumba lépnénk és mégis nagyon otthonos érzése támad az embernek. A személyzet gyors, figyelmes, az ételek kiválóak. Nagyon jól éreztük magunkat ajánljuk mindenkinek!"},
        {"name": "Molnár Gábor", "text": "A Rab Ráby Étterem egy igazi gyöngyszem! Az étlap széles választékot kínál, és az ételek mindig frissek és kiváló minőségűek. Mindig találok valami finomat a menüből, és a desszertek is isteniek!"},
        {"name": "Kovács Éva", "text": "Ismét egy élmény volt. Az étel remek, a kiszolgálás jó, az étterem atmoszférája pedig varázslatos. Nekem egy picit nosztalgikus idejárni, mert a férjemmel itt volt az első randevúnk."}
      ]
    },
    "faq": {
      "title": "Gyakran Ismételt Kérdések",
      "questions":
      [
        {"question": "Fizethetek bankkártyával, SZÉP kártyával?",
            "answer": "Igen, bankkártyával és az összes forgalomban lévő SZÉP kártyával fizethet nálunk. (American Express kártyát nem tudunk elfogadni)"},
        {"question": "Hol parkolhatok?",
            "answer": "A parkolás Szentendrén 2022-ben megváltozott: az óvárost csak engedéllyel lehet megközelíteni. A hozzánk legközelebbi parkoló kb 1 perc sétára, a Bajcsy-Zsilinszky Endre utcánál van. (Zóna kódja: 2012)"},
        {"question": "Hol találom a vendéglőt?",
            "answer": "Az étterem Szentendre belvárosában helyezkedik el, a Városháza és a Péter Pál templom között. A centrumban, a Főtértől 1 perc sétával megközelíthető."},
        {"question": "Van kerthelyiség, terasz?",
            "answer": "Igen, egy hangulatos, szél védett belső udvara van az étteremnek, ami nyáron hűvös, árnyékos."},
        {"question": "Szabad kutyát bevinni?",
            "answer": "Igen, nyitás óta kutyabarát hely vagyunk."},
        {"question": "Van Wifi?",
            "answer": "Igen, jelszó nélkül. Wifi név: RAB_RÁBY_WIFI"},
        {"question": "Rendezvényeket is vállalnak?",
            "answer": "Igen, esküvőket, keresztelőket, születésnapokat, névnapokat, osztálytalálkozókat, könyvbemutatókat, borkóstolókat, halotti tort stb."}
      ]
    },
    "menu": {
      "drink": {
        "title": "Itallap"
      },
      "wine": {
        "title": "Borlap"
      },
      "food": {
        "title": "Étlap",
        "stars": "Kiemelt ételeink",
        "show": "Étlap megtekintése",
        "price": "Az árak tájékoztató jellegűek, előfordulhatnak hibák. A nyomtatott étlapunkon szereplő árak a hivatalosak!"
      },
      "category": {
        "starters": "Előételek",
        "soups": "Levesek",
        "pastas": "Tészták",
        "fish": "Halételek",
        "readymeals": "Készételek",
        "grilled": "Frissensültek",
        "desserts": "Desszertek"
      },
      "allergy": {
        "title": "Allergének",
        "one": "Allergén",
        "text": "Allergének kiválasztása",

        "gluten": "Glutén",
        "crustaceans": "Rákfélék",
        "eggs": "Tojás",
        "fish": "Hal",
        "peanuts": "Földimogyoró",
        "soy": "Szója",
        "milk": "Tej",
        "nuts": "Diófélék",
        "celery": "Zeller",
        "mustard": "Mustár",
        "sesame": "Szezámmag",
        "sulfur": "Kén-dioxid és szulfitok",
        "lupin": "Lupin",
        "mollusks": "Puhatestűek"
      }
    },
    "parking": {
      "text": "Szentendrén csak behajtási engedéllyel lehet autóval bemenni a belvárosba. Az étteremtől 1 perc sétára tud parkolni, a Bajcsy-Zsilinszky utcán. A parkolási zóna kódja: 2012. A térképen kékkel jelölve az automaták. Szentendrén hétvégén is kell parkolásért fizetni!"
    },
    "about": {
      "text": "Az éttermet még a vasfüggöny fennállásának idején Németh János és családja alapította 1982-ben. Nevét Jókai Mór Rab Ráby című regénye főhőséről kapta, aki Szentendrén élt és II. József idején oroszlánrészt vállalt a korrupció elleni küzdelemben. Az épület, amiből az étterem lett kialakítva, több, mint 100 évvel ezelőtt még kovácsműhelyként működött. Egy néprajzi tárlaton túl, ritka érdekességek is találhatóak az étteremben."
    }
}