{
    "iso": "ru",
    "open": {
      "title": "Часы работы",
      "days": ["пн", "вт", "ср", "чт", "пт", "сб", "вс"]
    },
    "navigation": {
      "home": "Главная",
      "menu": "Меню",
      "about": "О нас",
      "gallery": "Галерея",
      "group": "Группа",
      "contact": "Контакты",
      "parking": "Парковка",
      "tenders": "Тендеры"
    },
    "wifi": {
      "title": "Успешное подключение"
    },
    "home": {
      "title": "Ресторан Rab Ráby, Szentendre",
      "description": "Мы тепло приветствуем вас в нашем ресторане в сердце Сентендре. Вкусная еда, антиквариат, потрясающий интерьер и выгодные цены с 1982 года.",
      "buttons_active": ["card", "garden", "dog", "wifi"],
      "buttons": {
        "card": "Принимаем кредитные карты",
        "garden": "Сад",
        "dog": "Место для собак",
        "wifi": "WiFi",
        "fire": "Отопление дровяной печью"
      }
    },
    "reservation": {
      "title": "Бронирование",
      "online": "онлайн бронирование"
    },
    "contact": {
      "title": "Контакты",
      "map": "Kucsera Ferenc u. 1/А, Szentendre 2000, Венгрия",
      "card": "Цифровая визитка"
    },
    "company": {
      "title": "Информация о компании",
      "vat": "Номер НДС",
      "reg": "Регистрационный номер компании",
      "bank": "Банк",
      "bank_acc": "Номер банковского счета"
    },
    "groups": {
      "title": "Меню для групп",
      "guide": "Гид",
      "reservation": "Бронирование (отправьте электронное письмо)",
      "faq": [
        { "q": "Сколько человек считается группой?", "a": "Минимум 15 человек." },
        { "q": "Сколько разных меню я могу заказать?", "a": "Мы можем приготовить меню для более чем 15 человек." },
        { "q": "Какова вместимость ресторана?", "a": "Максимум 90-100 человек в помещении и 25-30 человек в саду." },
        { "q": "Какие способы оплаты принимаются?", "a": "Наличные, карта и банковский перевод." },
        { "q": "Как я могу сделать бронирование?", "a": "Самый простой способ - написать нам электронное письмо с указанием всех деталей." },
        { "q": "Почему цены указаны в евро?", "a": "Из-за гиперинфляции в последние годы цены указаны в евро для поддержания стабильности в течение всего года." },
        { "q": "Есть ли рядом парковка для автобусов?", "a": "Да, рядом с основной дорогой 11 есть большая парковка, примерно в 7 минутах ходьбы от нас." },
        { "q": "За сколько времени нужно бронировать?", "a": "Рекомендуется бронировать за несколько недель, чтобы обеспечить наличие мест." },
        { "q": "Что делать, если у гостя пищевая аллергия?", "a": "Важно сообщить нам об этом, чтобы гости с пищевой аллергией могли получить альтернативные блюда вместо группового меню." }
      ]
    },
    "reviews": {
      "title": "Отзывы",
      "people": [
        {"name": "Каталин Новак", "title": "Президент Венгрии (2022-2024)", "text": "Спасибо, что позволили нам отдохнуть здесь немного в напряженный рабочий день и попробовать настоящие домашние блюда."},
        {"name": "Левенте Балог", "title": "Водный король, бизнесмен, инвестор", "text": "Спасибо за уютное гостеприимство!"},
        {"name": "Андраш Молдован", "title": "Свиной магнат, инвестор, акула", "text": "Мы с удовольствием поужинали здесь!"},
        {"name": "Мария Варга", "text": "Зайти сюда - это как попасть в архивный музей, но в то же время возникает очень домашнее чувство. Персонал быстрый, внимательный, а еда превосходная. Мы отлично провели время и рекомендуем всем!"},
        {"name": "Габор Молнар", "text": "Ресторан Раб Раби - настоящая жемчужина! Меню предлагает широкий выбор, и блюда всегда свежие и отличного качества. Я всегда нахожу что-то вкусное в меню, а десерты тоже божественные!"},
        {"name": "Эва Ковач", "text": "Это снова было событием. Еда отличная, обслуживание хорошее, а атмосфера ресторана волшебная. Для меня это немного ностальгия, потому что здесь мой муж и я были на первом свидании."}
      ]
    },
    "faq": {
      "title": "Часто задаваемые вопросы",
      "questions": [
        {"question": "Могу ли я оплатить картой?", "answer": "Да, вы можете оплатить кредитной картой. (Мы не можем принять карты American Express)"},
        {"question": "Где я могу припарковаться?", "answer": "Парковка в Сентендре изменилась в 2022 году: в старый город можно попасть только с разрешением. Ближайшая парковка к нам находится примерно в 1 минуте ходьбы, на улице Байчи-Жилински Эндре. (Код зоны: 2012)"},
        {"question": "Где находится ресторан?", "answer": "Ресторан находится в центре Сентендре, между Ратушей и церковью Петра и Павла. До него можно дойти пешком за 1 минуту от центра города."},
        {"question": "У вас есть садовая терраса?", "answer": "Да, у ресторана есть уютный внутренний дворик, защищенный от ветра, который прохладен и тенист в летнее время."},
        {"question": "Могу ли я принести свою собаку?", "answer": "Да, мы являемся местом, где допускаются собаки с момента нашего открытия."},
        {"question": "Есть ли WiFi?", "answer": "Да, без пароля. Имя сети WiFi: RAB_RÁBY_WIFI"},
        {"question": "Вы проводите мероприятия?", "answer": "Да, мы проводим свадьбы, крестины, дни рождения, именины, встречи выпускников, презентации книг, дегустации вин, поминальные обеды и другие мероприятия."}
      ]
    },
    "menu": {
      "drink": {
        "title": "Напитки"
      },
      "wine": {
        "title": "Вина"
      },
      "food": {
        "title": "Меню",
        "stars": "Рекомендуемые блюда",
        "show": "Показать меню",
        "price": "Цены указаны только для информации! Могут быть ошибки, и официальные цены указаны в нашем печатном меню!"
      },
      "category": {
        "starters": "Закуски",
        "soups": "Супы",
        "pastas": "Пасты",
        "fish": "Рыба",
        "readymeals": "Готовые блюда",
        "grilled": "Гриль",
        "desserts": "Десерты"
      },
      "allergy": {
        "title": "Аллергены",
        "one": "Аллергия",
        "text": "Выбор аллергенов",
        "gluten": "Глютен",
        "crustaceans": "Ракообразные",
        "eggs": "Яйца",
        "fish": "Рыба",
        "peanuts": "Арахис",
        "soy": "Соевые бобы",
        "milk": "Молоко",
        "nuts": "Орехи",
        "celery": "Сельдерей",
        "mustard": "Горчица",
        "sesame": "Кунжут",
        "sulfur": "Сера",
        "lupin": "Люпин",
        "mollusks": "Моллюски"
      }
    },
    "parking": {
      "text": "В Сентендре въезд в центр города на автомобиле возможен только по специальному разрешению. Вы можете припарковаться в минуте ходьбы от ресторана, на улице Байчи-Жилински. Код парковочной зоны: 2012. На карте автоматы отмечены синим цветом. В Сентендре нужно платить за парковку и в выходные!"
    },
    "about": {
      "text": "Ресторан был основан Яношем Неметом и его семьей в 1982 году, во время Железного занавеса. Он был назван в честь героя романа Мора Йокаи, Раб Раби, который жил в Сентендре и играл ключевую роль в борьбе с коррупцией во время правления Иосифа II. Здание, переоборудованное в ресторан, функционировало как кузница более 100 лет назад. Помимо этнографической выставки, ресторан также демонстрирует редкие экспонаты."
    }
}
  